﻿<?xml version="1.0" encoding="UTF-8"?>
<synergyModuleDescription>
    <config id="config.bsp.s3a7.ssp" path="ssp_cfg/bsp/bsp_mcu_family_cfg.h" version="0">
       <property default="config.bsp.s3a7.ssp.OFS0_Register.default" display="OFS0 register settings" id="config.bsp.s3a7.ssp.OFS0">
			<option display="Select fields below" id="config.bsp.s3a7.ssp.OFS0_Register.default" value="(0)"/>
        </property>
		<property default="config.bsp.s3a7.ssp.OFS0.iwdt_start_mode.disabled" display="     IWDT Start Mode" id="config.bsp.s3a7.ssp.OFS0.iwdt_start_mode">
			 <option display="IWDT is Disabled" id="config.bsp.s3a7.ssp.OFS0.iwdt_start_mode.disabled" value="1 &lt;&lt; 1"/>
			 <option display="IWDT is automatically activated after a reset (Autostart mode)" id="config.bsp.s3a7.ssp.OFS0.iwdt_start_mode.enabled" value="0 &lt;&lt; 1"/>
		</property>
		<property default="config.bsp.s3a7.ssp.OFS0.iwdt_timeout.2048" display="     IWDT Timeout Period" id="config.bsp.s3a7.ssp.OFS0.iwdt_timeout">
			 <option display="128 cycles" id="config.bsp.s3a7.ssp.OFS0.iwdt_timeout.128" value="0 &lt;&lt; 2"/>
			 <option display="512 cycles" id="config.bsp.s3a7.ssp.OFS0.iwdt_timeout.512" value="1 &lt;&lt; 2"/>
			 <option display="1024 cycles" id="config.bsp.s3a7.ssp.OFS0.iwdt_timeout.1024" value="2 &lt;&lt; 2"/>
			 <option display="2048 cycles" id="config.bsp.s3a7.ssp.OFS0.iwdt_timeout.2048" value="3 &lt;&lt; 2"/>
		</property>	
		<property default="config.bsp.s3a7.ssp.OFS0.iwdt_divisor.128" display="     IWDT Dedicated Clock Frequency Divisor" id="config.bsp.s3a7.ssp.OFS0.iwdt_divisor">
			 <option display="1" id="config.bsp.s3a7.ssp.OFS0.iwdt_divisor.1" value="0 &lt;&lt; 4"/>
			 <option display="16" id="config.bsp.s3a7.ssp.OFS0.iwdt_divisor.16" value="2 &lt;&lt; 4"/>
			 <option display="32" id="config.bsp.s3a7.ssp.OFS0.iwdt_divisor.32" value="3 &lt;&lt; 4"/>
			 <option display="64" id="config.bsp.s3a7.ssp.OFS0.iwdt_divisor.64" value="4 &lt;&lt; 4"/>
			 <option display="128" id="config.bsp.s3a7.ssp.OFS0.iwdt_divisor.128" value="15 &lt;&lt; 4"/>
			 <option display="256" id="config.bsp.s3a7.ssp.OFS0.iwdt_divisor.256" value="5 &lt;&lt; 4"/>
		</property>			
		<property default="config.bsp.s3a7.ssp.OFS0.iwdt_window_end.0" display="     IWDT Window End Position" id="config.bsp.s3a7.ssp.OFS0.iwdt_window_end">
			 <option display="75%" id="config.bsp.s3a7.ssp.OFS0.iwdt_window_end.75" value="0 &lt;&lt; 8"/>
			 <option display="50%" id="config.bsp.s3a7.ssp.OFS0.iwdt_window_end.50" value="1 &lt;&lt; 8"/>
			 <option display="25%" id="config.bsp.s3a7.ssp.OFS0.iwdt_window_end.25" value="2 &lt;&lt; 8"/>
			 <option display=" 0% (no window end position)" id="config.bsp.s3a7.ssp.OFS0.iwdt_window_end.0" value="3 &lt;&lt; 8"/>
		</property>			
		<property default="config.bsp.s3a7.ssp.OFS0.iwdt_window_start.100" display="     IWDT Window Start Position" id="config.bsp.s3a7.ssp.OFS0.iwdt_window_start">
			 <option display="25%" id="config.bsp.s3a7.ssp.OFS0.iwdt_window_start.25" value="0 &lt;&lt; 10"/>
			 <option display="50%" id="config.bsp.s3a7.ssp.OFS0.iwdt_window_start.50" value="1 &lt;&lt; 10"/>
			 <option display="75%" id="config.bsp.s3a7.ssp.OFS0.iwdt_window_start.75" value="2 &lt;&lt; 10"/>
			 <option display="100% (no window start position)" id="config.bsp.s3a7.ssp.OFS0.iwdt_window_start.100" value="3 &lt;&lt; 10"/>
		</property>	
		<property default="config.bsp.s3a7.ssp.OFS0.iwdt_reset_interrupt.Reset" display="     IWDT Reset Interrupt Request Select" id="config.bsp.s3a7.ssp.OFS0.iwdt_reset_interrupt">
			 <option display="NMI request or interrupt request is enabled" id="config.bsp.s3a7.ssp.OFS0.iwdt_reset_interrupt.NMI" value="0 &lt;&lt; 12"/>
			 <option display="Reset is enabled" id="config.bsp.s3a7.ssp.OFS0.iwdt_reset_interrupt.Reset" value="1 &lt;&lt; 12"/>
		</property>
		<property default="config.bsp.s3a7.ssp.OFS0.iwdt_stop_control.stops" display="     IWDT Stop Control" id="config.bsp.s3a7.ssp.OFS0.iwdt_stop_control">
			 <option display="Counting continues" id="config.bsp.s3a7.ssp.OFS0.iwdt_stop_control.continues" value="0 &lt;&lt; 14"/>
			 <option display="Stop counting when in Sleep, Snooze mode, Software Standby, or Deep Software Standby mode" id="config.bsp.s3a7.ssp.OFS0.iwdt_stop_control.stops" value="1 &lt;&lt; 14"/>
		</property>
		<property default="config.bsp.s3a7.ssp.OFS0.wdt_start_mode.register" display="     WDT Start Mode Select" id="config.bsp.s3a7.ssp.OFS0.wdt_start_mode">
			 <option display="Automatically activate WDT after a reset (auto-start mode)" id="config.bsp.s3a7.ssp.OFS0.wdt_start_mode.auto" value="0 &lt;&lt; 17"/>
			 <option display="Stop WDT after a reset (register-start mode)" id="config.bsp.s3a7.ssp.OFS0.wdt_start_mode.register" value="1 &lt;&lt; 17"/>
		</property>
		<property default="config.bsp.s3a7.ssp.OFS0.wdt_timeout.16384" display="     WDT Timeout Period" id="config.bsp.s3a7.ssp.OFS0.wdt_timeout">
			 <option display="1024 cycles" id="config.bsp.s3a7.ssp.OFS0.wdt_timeout.1024" value="0 &lt;&lt; 18"/>
			 <option display="4096 cycles" id="config.bsp.s3a7.ssp.OFS0.wdt_timeout.4096" value="1 &lt;&lt; 18"/>
			 <option display="8192 cycles" id="config.bsp.s3a7.ssp.OFS0.wdt_timeout.8192" value="2 &lt;&lt; 18"/>
			 <option display="16384 cycles" id="config.bsp.s3a7.ssp.OFS0.wdt_timeout.16384" value="3 &lt;&lt; 18"/>
		</property>	
		<property default="config.bsp.s3a7.ssp.OFS0.wdt_divisor.128" display="     WDT Clock Frequency Division Ratio" id="config.bsp.s3a7.ssp.OFS0.wdt_divisor">
			 <option display="4" id="config.bsp.s3a7.ssp.OFS0.wdt_divisor.4" value="1 &lt;&lt; 20"/>
			 <option display="64" id="config.bsp.s3a7.ssp.OFS0.wdt_divisor.64" value="4 &lt;&lt; 20"/>
			 <option display="128" id="config.bsp.s3a7.ssp.OFS0.wdt_divisor.128" value="15 &lt;&lt; 20"/>
			 <option display="512" id="config.bsp.s3a7.ssp.OFS0.wdt_divisor.512" value="6 &lt;&lt; 20"/>
			 <option display="2048" id="config.bsp.s3a7.ssp.OFS0.wdt_divisor.2048" value="7 &lt;&lt; 20"/>
			 <option display="8192" id="config.bsp.s3a7.ssp.OFS0.wdt_divisor.8192" value="8 &lt;&lt; 20"/>
		</property>			
		<property default="config.bsp.s3a7.ssp.OFS0.wdt_window_end.0" display="     WDT Window End Position" id="config.bsp.s3a7.ssp.OFS0.wdt_window_end">
			 <option display="75%" id="config.bsp.s3a7.ssp.OFS0.wdt_window_end.75" value="0 &lt;&lt; 24"/>
			 <option display="50%" id="config.bsp.s3a7.ssp.OFS0.wdt_window_end.50" value="1 &lt;&lt; 24"/>
			 <option display="25%" id="config.bsp.s3a7.ssp.OFS0.wdt_window_end.25" value="2 &lt;&lt; 24"/>
			 <option display=" 0% (no window end position)" id="config.bsp.s3a7.ssp.OFS0.wdt_window_end.0" value="3 &lt;&lt; 24"/>
		</property>			
		<property default="config.bsp.s3a7.ssp.OFS0.wdt_window_start.100" display="     WDT Window Start Position" id="config.bsp.s3a7.ssp.OFS0.wdt_window_start">
			 <option display="25%" id="config.bsp.s3a7.ssp.OFS0.wdt_window_start.25" value="0 &lt;&lt; 26"/>
			 <option display="50%" id="config.bsp.s3a7.ssp.OFS0.wdt_window_start.50" value="1 &lt;&lt; 26"/>
			 <option display="75%" id="config.bsp.s3a7.ssp.OFS0.wdt_window_start.75" value="2 &lt;&lt; 26"/>
			 <option display="100% (no window start position)" id="config.bsp.s3a7.ssp.OFS0.wdt_window_start.100" value="3 &lt;&lt; 26"/>
		</property>	
		<property default="config.bsp.s3a7.ssp.OFS0.wdt_reset_interrupt.Reset" display="     WDT Reset Interrupt Request" id="config.bsp.s3a7.ssp.OFS0.wdt_reset_interrupt">
			 <option display="NMI" id="config.bsp.s3a7.ssp.OFS0.wdt_reset_interrupt.NMI" value="0 &lt;&lt; 28"/>
			 <option display="Reset" id="config.bsp.s3a7.ssp.OFS0.wdt_reset_interrupt.Reset" value="1 &lt;&lt; 28"/>
		</property>
		<property default="config.bsp.s3a7.ssp.OFS0.wdt_stop_control.stops" display="     WDT Stop Control" id="config.bsp.s3a7.ssp.OFS0.wdt_stop_control">
			 <option display="Counting continues" id="config.bsp.s3a7.ssp.OFS0.wdt_stop_control.continues" value="0 &lt;&lt; 30"/>
			 <option display="Stop counting when entering Sleep mode" id="config.bsp.s3a7.ssp.OFS0.wdt_stop_control.stops" value="1 &lt;&lt; 30"/>
		</property>	
				
       <property default="config.bsp.s3a7.ssp.OFS1_Register.default" display="OFS1 register settings" id="config.bsp.s3a7.ssp.OFS1">
			<option display="Select fields below" id="config.bsp.s3a7.ssp.OFS1_Register.default" value="(0)"/>
        </property>		
		<property default="config.bsp.s3a7.ssp.OFS1.voltage_detection0.start.disabled" display="     Voltage Detection 0 Circuit Start" id="config.bsp.s3a7.ssp.OFS1.voltage_detection0.start">
			 <option display="Voltage monitor 0 reset is enabled after reset" id="config.bsp.s3a7.ssp.OFS1.voltage_detection0.start.enabled" value="0 &lt;&lt; 2"/>
			 <option display="Voltage monitor 0 reset is disabled after reset" id="config.bsp.s3a7.ssp.OFS1.voltage_detection0.start.disabled" value="1 &lt;&lt; 2"/>
		</property>
		
		<property default="config.bsp.s3a7.ssp.OFS1.voltage_detection0_level.190" display="     Voltage Detection 0 Level" id="config.bsp.s3a7.ssp.OFS1.voltage_detection0_level">
			 <option display="3.84 V" id="config.bsp.s3a7.ssp.OFS1.voltage_detection0_level.384" value="0 &lt;&lt; 3"/>
			 <option display="2.82 V" id="config.bsp.s3a7.ssp.OFS1.voltage_detection0_level.282" value="1 &lt;&lt; 3"/>
			 <option display="2.51 V" id="config.bsp.s3a7.ssp.OFS1.voltage_detection0_level.251" value="2 &lt;&lt; 3"/>
			 <option display="1.90 V" id="config.bsp.s3a7.ssp.OFS1.voltage_detection0_level.190" value="3 &lt;&lt; 3"/>
			 <option display="1.70 V" id="config.bsp.s3a7.ssp.OFS1.voltage_detection0_level.170" value="4 &lt;&lt; 3"/>
		</property>	
		
		<property default="config.bsp.s3a7.ssp.OFS1.hoco_osc.disabled" display="     HOCO OScillation Enable" id="config.bsp.s3a7.ssp.OFS1.hoco_osc">
			 <option display="HOCO oscillation is enabled after reset" id="config.bsp.s3a7.ssp.OFS1.hoco_osc.enabled" value="0 &lt;&lt; 8"/>
			 <option display="HOCO oscillation is disabled after reset" id="config.bsp.s3a7.ssp.OFS1.hoco_osc.disabled" value="1 &lt;&lt; 8"/>
		</property>
				
		<property id="config.bsp.s3a7.ssp.mpu_pc0_enable" display="MPU - Enable or disable PC Region 0" default="config.bsp.s3a7.ssp.mpu_pc0_enable.disabled">
            <option id="config.bsp.s3a7.ssp.mpu_pc0_enable.enabled" display="Enabled" value="0" />
            <option id="config.bsp.s3a7.ssp.mpu_pc0_enable.disabled" display="Disabled" value="1" />
        </property>		
        <property id="config.bsp.s3a7.ssp.mpu_pc0_start" display="MPU - PC0 Start" default="0x000FFFFC" macro="BSP_CFG_ROM_REG_MPU_PC0_START">  
            <constraint display="Value must be an integer between 0 and 0x000FFFFC">testInteger("${config.bsp.s3a7.ssp.mpu_pc0_start}") &amp;&amp;
			(("${config.bsp.s3a7.ssp.mpu_pc0_start}" &gt;= 0x00000000) &amp;&amp;("${config.bsp.s3a7.ssp.mpu_pc0_start}" &lt;= 0x000FFFFC))
			</constraint>		
        </property>
        <property id="config.bsp.s3a7.ssp.mpu_pc0_end" display="MPU - PC0 End" default="0x000FFFFF" macro="BSP_CFG_ROM_REG_MPU_PC0_END">
            <constraint display="Value must be an integer between 3 and 0x000FFFFF">testInteger("${config.bsp.s3a7.ssp.mpu_pc0_end}") &amp;&amp;
			(("${config.bsp.s3a7.ssp.mpu_pc0_end}" &gt;= 3) &amp;&amp;("${config.bsp.s3a7.ssp.mpu_pc0_end}" &lt;= 0x000FFFFF))
			</constraint>		
        </property>
        <property id="config.bsp.s3a7.ssp.mpu_pc1_enable" display="MPU - Enable or disable PC Region 1" default="config.bsp.s3a7.ssp.mpu_pc1_enable.disabled">
            <option id="config.bsp.s3a7.ssp.mpu_pc1_enable.enabled" display="Enabled" value="0" />
            <option id="config.bsp.s3a7.ssp.mpu_pc1_enable.disabled" display="Disabled" value="1" />
        </property>		
        <property id="config.bsp.s3a7.ssp.mpu_pc1_start" display="MPU - PC1 Start" default="0x000FFFFC" macro="BSP_CFG_ROM_REG_MPU_PC1_START">
            <constraint display="Value must be an integer between 0 and 0x000FFFFC">testInteger("${config.bsp.s3a7.ssp.mpu_pc1_start}") &amp;&amp;
			(("${config.bsp.s3a7.ssp.mpu_pc1_start}" &gt;= 0x00000000) &amp;&amp;("${config.bsp.s3a7.ssp.mpu_pc1_start}" &lt;= 0x000FFFFC))
			</constraint>		
        </property>
        <property id="config.bsp.s3a7.ssp.mpu_pc1_end" display="MPU - PC1 End" default="0x000FFFFF" macro="BSP_CFG_ROM_REG_MPU_PC1_END">
             <constraint display="Value must be an integer between 3 and 0x000FFFFF">testInteger("${config.bsp.s3a7.ssp.mpu_pc1_end}")&amp;&amp;
			(("${config.bsp.s3a7.ssp.mpu_pc1_end}" &gt;= 3) &amp;&amp;("${config.bsp.s3a7.ssp.mpu_pc1_end}" &lt;= 0x000FFFFF))
			 </constraint>		
        </property>
       <property id="config.bsp.s3a7.ssp.mpu_reg0_enable" display="MPU - Enable or disable Memory Region 0" default="config.bsp.s3a7.ssp.mpu_reg0_enable.disabled">
            <option id="config.bsp.s3a7.ssp.mpu_reg0_enable.enabled" display="Enabled" value="0" />
            <option id="config.bsp.s3a7.ssp.mpu_reg0_enable.disabled" display="Disabled" value="1" />
        </property>		
        <property id="config.bsp.s3a7.ssp.mpu_reg0_start" display="MPU - Memory Region 0 Start" default="0x000FFFFC" macro="BSP_CFG_ROM_REG_MPU_REGION0_START">
            <constraint display="Value must be an integer between 0 and 0x000FFFFC">testInteger("${config.bsp.s3a7.ssp.mpu_reg0_start}") &amp;&amp;
			(("${config.bsp.s3a7.ssp.mpu_reg0_start}" &gt;= 0x00000000) &amp;&amp;("${config.bsp.s3a7.ssp.mpu_reg0_start}" &lt;= 0x000FFFFC))
			</constraint>				
        </property>
        <property id="config.bsp.s3a7.ssp.mpu_reg0_end" display="MPU - Memory Region 0 End" default="0x000FFFFF" macro="BSP_CFG_ROM_REG_MPU_REGION0_END">
            <constraint display="Value must be an integer between 3 and 0x000FFFFF">testInteger("${config.bsp.s3a7.ssp.mpu_reg0_end}") &amp;&amp;
			(("${config.bsp.s3a7.ssp.mpu_reg0_end}" &gt;= 3) &amp;&amp;("${config.bsp.s3a7.ssp.mpu_reg0_end}" &lt;= 0x000FFFFF))
			</constraint>				
        </property>
        <content>
            #include "bsp_mcu_device_pn_cfg.h"
            #include "bsp_mcu_device_cfg.h"
            #include "../../../synergy/ssp/src/bsp/mcu/s3a7/bsp_mcu_info.h"
            #include "bsp_clock_cfg.h"
            #define BSP_MCU_GROUP_S3A7 (1)
            #define BSP_LOCO_HZ                 (32768)
            #define BSP_MOCO_HZ                 (8000000)
            #define BSP_SUB_CLOCK_HZ            (32768)
            #if   BSP_CFG_HOCO_FREQUENCY == 0
                #define BSP_HOCO_HZ             (24000000)
            #elif BSP_CFG_HOCO_FREQUENCY == 2
                #define BSP_HOCO_HZ             (32000000)
            #elif BSP_CFG_HOCO_FREQUENCY == 4
                #define BSP_HOCO_HZ             (48000000)
            #elif BSP_CFG_HOCO_FREQUENCY == 5
                #define BSP_HOCO_HZ             (64000000)
            #else
                #error "Invalid HOCO frequency chosen (BSP_CFG_HOCO_FREQUENCY) in bsp_clock_cfg.h"
            #endif
            #define BSP_CORTEX_VECTOR_TABLE_ENTRIES    (16U)
            #define BSP_VECTOR_TABLE_MAX_ENTRIES       (80U)
            #define BSP_MCU_VBATT_SUPPORT       (1)

            #define OFS_SEQ1 0xA001A001 | (${config.bsp.s3a7.ssp.OFS0.iwdt_start_mode}) | (${config.bsp.s3a7.ssp.OFS0.iwdt_timeout})
            #define OFS_SEQ2 (${config.bsp.s3a7.ssp.OFS0.iwdt_divisor}) | (${config.bsp.s3a7.ssp.OFS0.iwdt_window_end}) | (${config.bsp.s3a7.ssp.OFS0.iwdt_window_start})
            #define OFS_SEQ3 (${config.bsp.s3a7.ssp.OFS0.iwdt_reset_interrupt}) | (${config.bsp.s3a7.ssp.OFS0.iwdt_stop_control}) | (${config.bsp.s3a7.ssp.OFS0.wdt_start_mode})
            #define OFS_SEQ4 (${config.bsp.s3a7.ssp.OFS0.wdt_timeout}) |(${config.bsp.s3a7.ssp.OFS0.wdt_divisor}) | (${config.bsp.s3a7.ssp.OFS0.wdt_window_end}) | (${config.bsp.s3a7.ssp.OFS0.wdt_window_start})
            #define OFS_SEQ5 (${config.bsp.s3a7.ssp.OFS0.wdt_reset_interrupt}) | (${config.bsp.s3a7.ssp.OFS0.wdt_stop_control})           
            #define BSP_CFG_ROM_REG_OFS0 (OFS_SEQ1 | OFS_SEQ2 | OFS_SEQ3 | OFS_SEQ4 | OFS_SEQ5)           
            #define BSP_CFG_ROM_REG_OFS1 (0xFFFFFEC3 | (${config.bsp.s3a7.ssp.OFS1.voltage_detection0.start}) | (${config.bsp.s3a7.ssp.OFS1.voltage_detection0_level}) | (${config.bsp.s3a7.ssp.OFS1.hoco_osc}))						
            #define BSP_CFG_ROM_REG_MPU_PC0_ENABLE (${config.bsp.s3a7.ssp.mpu_pc0_enable})
            #define BSP_CFG_ROM_REG_MPU_PC0_START (${config.bsp.s3a7.ssp.mpu_pc0_start})
            #define BSP_CFG_ROM_REG_MPU_PC0_END (${config.bsp.s3a7.ssp.mpu_pc0_end})
            #define BSP_CFG_ROM_REG_MPU_PC1_ENABLE (${config.bsp.s3a7.ssp.mpu_pc1_enable})
            #define BSP_CFG_ROM_REG_MPU_PC1_START (${config.bsp.s3a7.ssp.mpu_pc1_start})
            #define BSP_CFG_ROM_REG_MPU_PC1_END (${config.bsp.s3a7.ssp.mpu_pc1_end})
            #define BSP_CFG_ROM_REG_MPU_REGION0_ENABLE (${config.bsp.s3a7.ssp.mpu_reg0_enable})
            #define BSP_CFG_ROM_REG_MPU_REGION0_START (${config.bsp.s3a7.ssp.mpu_reg0_start})
            #define BSP_CFG_ROM_REG_MPU_REGION0_END (${config.bsp.s3a7.ssp.mpu_reg0_end})
        </content>
    </config>   
    <bsp id="bsp.s3a7.ssp" config="config.bsp.s3a7.ssp" display="S3A7 Family" version="0">
        <clock>
            <constraint display="ICLK must not be less than PCLKA or PCLKB">
                (${value:board.clock.iclk.display} &gt;= ${value:board.clock.pclka.display}) &amp;&amp;
                (${value:board.clock.iclk.display} &gt;= ${value:board.clock.pclkb.display})
            </constraint>
            <constraint display="ICLK must not be less than FCLK">
                (${value:board.clock.iclk.display} &gt;= ${value:board.clock.fclk.display})
            </constraint>
            <constraint display="ICLK must not be less than BCLK">
                (${value:board.clock.iclk.display} &gt;= ${value:board.clock.bclk.display})
            </constraint>
            <constraint display="PCKLA must not be less than PCLKB">
                (${value:board.clock.pclka.display} &gt;= ${value:board.clock.pclkb.display})
            </constraint>
            <constraint display="PCLKD must not be less than PCLKA or PCLKB">
                (${value:board.clock.pclkd.display} &gt;= ${value:board.clock.pclka.display}) &amp;&amp;
                (${value:board.clock.pclkd.display} &gt;= ${value:board.clock.pclkb.display})
            </constraint>
            <constraint display="PCLKB:PCLKC ratio must equal 1:1, 1:2, 1:4, 2:1, 4:1, or 8:1">
                ((${value:board.clock.pclkc.display} / ${value:board.clock.pclkb.display}) &lt;= 4)
                &amp;&amp;
                ((${value:board.clock.pclkb.display} / ${value:board.clock.pclkc.display}) &lt;= 8)
            </constraint>
            <node id="board.clock.xtal.freq" xhint="0" yhint="0" default="12000000" tooltip="Click to edit the XTAL frequency.">
                <option id="_edit" display="XTAL ${value}Hz" macroName="BSP_CFG_XTAL_HZ" macroValue="(${value})" />
            </node>
            <node id="board.clock.pll.source" xhint="1" yhint="1" default="board.clock.pll.source.xtal">
                <option id="board.clock.pll.source.xtal" display="PLL Src: XTAL" input="board.clock.xtal.freq" macroName="BSP_CFG_PLL_SOURCE" macroValue="(CGC_CLOCK_MAIN_OSC)" />
            </node>
            <node id="board.clock.hoco.freq" xhint="0" yhint="6" default="board.clock.hoco.freq.24m">
                <option id="board.clock.hoco.freq.24m" display="HOCO 24MHz" mul="24000000" macroName="BSP_CFG_HOCO_FREQUENCY" macroValue="(0)" />
                <option id="board.clock.hoco.freq.32m" display="HOCO 32MHz" mul="32000000" macroName="BSP_CFG_HOCO_FREQUENCY" macroValue="(2)" />
                <option id="board.clock.hoco.freq.48m" display="HOCO 48MHz" mul="48000000" macroName="BSP_CFG_HOCO_FREQUENCY" macroValue="(4)" />
                <option id="board.clock.hoco.freq.64m" display="HOCO 64MHz" mul="64000000" macroName="BSP_CFG_HOCO_FREQUENCY" macroValue="(5)" />
            </node>
            <node id="board.clock.loco.freq" xhint="0" yhint="7" default="board.clock.loco.freq.32768">
                <option id="board.clock.loco.freq.32768" display="LOCO 32768Hz" mul="32768" />
            </node>
            <node id="board.clock.moco.freq" xhint="0" yhint="8" default="board.clock.moco.freq.8m">
                <option id="board.clock.moco.freq.8m" display="MOCO 8MHz" mul="8000000" />
            </node>
            <node id="board.clock.subclk.freq" xhint="0" yhint="9" default="board.clock.subclk.freq.32768">
                <option id="board.clock.subclk.freq.32768" display="SUBCLK 32768Hz" mul="32768" />
            </node>
            <node id="board.clock.pll.div" xhint="1" yhint="2" default="board.clock.pll.div.2">
                <option id="board.clock.pll.div.1" display="PLL Div /1" div="1" input="board.clock.pll.source" macroName="BSP_CFG_PLL_DIV" macroValue="(CGC_PLL_DIV_1)" />
                <option id="board.clock.pll.div.2" display="PLL Div /2" div="2" input="board.clock.pll.source" macroName="BSP_CFG_PLL_DIV" macroValue="(CGC_PLL_DIV_2)" />
                <option id="board.clock.pll.div.4" display="PLL Div /4" div="4" input="board.clock.pll.source" macroName="BSP_CFG_PLL_DIV" macroValue="(CGC_PLL_DIV_4)" />
            </node>
            <node id="board.clock.pll.mul" xhint="1" yhint="3" default="board.clock.pll.mul.8">
                <option id="board.clock.pll.mul.8" display="PLL Mul x8" mul="8" input="board.clock.pll.div" macroName="BSP_CFG_PLL_MUL" macroValue="(8)" />
                <option id="board.clock.pll.mul.9" display="PLL Mul x9" mul="9" input="board.clock.pll.div" macroName="BSP_CFG_PLL_MUL" macroValue="(9)" />
                <option id="board.clock.pll.mul.10" display="PLL Mul x10" mul="10" input="board.clock.pll.div" macroName="BSP_CFG_PLL_MUL" macroValue="(10)" />
                <option id="board.clock.pll.mul.11" display="PLL Mul x11" mul="11" input="board.clock.pll.div" macroName="BSP_CFG_PLL_MUL" macroValue="(11)" />
                <option id="board.clock.pll.mul.12" display="PLL Mul x12" mul="12" input="board.clock.pll.div" macroName="BSP_CFG_PLL_MUL" macroValue="(12)" />
                <option id="board.clock.pll.mul.13" display="PLL Mul x13" mul="13" input="board.clock.pll.div" macroName="BSP_CFG_PLL_MUL" macroValue="(13)" />
                <option id="board.clock.pll.mul.14" display="PLL Mul x14" mul="14" input="board.clock.pll.div" macroName="BSP_CFG_PLL_MUL" macroValue="(14)" />
                <option id="board.clock.pll.mul.15" display="PLL Mul x15" mul="15" input="board.clock.pll.div" macroName="BSP_CFG_PLL_MUL" macroValue="(15)" />
                <option id="board.clock.pll.mul.16" display="PLL Mul x16" mul="16" input="board.clock.pll.div" macroName="BSP_CFG_PLL_MUL" macroValue="(16)" />
                <option id="board.clock.pll.mul.17" display="PLL Mul x17" mul="17" input="board.clock.pll.div" macroName="BSP_CFG_PLL_MUL" macroValue="(17)" />
                <option id="board.clock.pll.mul.18" display="PLL Mul x18" mul="18" input="board.clock.pll.div" macroName="BSP_CFG_PLL_MUL" macroValue="(18)" />
                <option id="board.clock.pll.mul.19" display="PLL Mul x19" mul="19" input="board.clock.pll.div" macroName="BSP_CFG_PLL_MUL" macroValue="(19)" />
                <option id="board.clock.pll.mul.20" display="PLL Mul x20" mul="20" input="board.clock.pll.div" macroName="BSP_CFG_PLL_MUL" macroValue="(20)" />
                <option id="board.clock.pll.mul.21" display="PLL Mul x21" mul="21" input="board.clock.pll.div" macroName="BSP_CFG_PLL_MUL" macroValue="(21)" />
                <option id="board.clock.pll.mul.22" display="PLL Mul x22" mul="22" input="board.clock.pll.div" macroName="BSP_CFG_PLL_MUL" macroValue="(22)" />
                <option id="board.clock.pll.mul.23" display="PLL Mul x23" mul="23" input="board.clock.pll.div" macroName="BSP_CFG_PLL_MUL" macroValue="(23)" />
                <option id="board.clock.pll.mul.24" display="PLL Mul x24" mul="24" input="board.clock.pll.div" macroName="BSP_CFG_PLL_MUL" macroValue="(24)" />
                <option id="board.clock.pll.mul.25" display="PLL Mul x25" mul="25" input="board.clock.pll.div" macroName="BSP_CFG_PLL_MUL" macroValue="(25)" />
                <option id="board.clock.pll.mul.26" display="PLL Mul x26" mul="26" input="board.clock.pll.div" macroName="BSP_CFG_PLL_MUL" macroValue="(26)" />
                <option id="board.clock.pll.mul.27" display="PLL Mul x27" mul="27" input="board.clock.pll.div" macroName="BSP_CFG_PLL_MUL" macroValue="(27)" />
                <option id="board.clock.pll.mul.28" display="PLL Mul x28" mul="28" input="board.clock.pll.div" macroName="BSP_CFG_PLL_MUL" macroValue="(28)" />
                <option id="board.clock.pll.mul.29" display="PLL Mul x29" mul="29" input="board.clock.pll.div" macroName="BSP_CFG_PLL_MUL" macroValue="(29)" />
                <option id="board.clock.pll.mul.30" display="PLL Mul x30" mul="30" input="board.clock.pll.div" macroName="BSP_CFG_PLL_MUL" macroValue="(30)" />
                <option id="board.clock.pll.mul.31" display="PLL Mul x31" mul="31" input="board.clock.pll.div" macroName="BSP_CFG_PLL_MUL" macroValue="(31)" />
            </node>
            <node id="board.clock.pll.display" xhint="1" yhint="4">
                <option id="board.clock.pll.display.value" input="board.clock.pll.mul" display="PLL ${value}Hz" minValue="24000000" maxValue="64000000" />
            </node>
            <node id="board.clock.clock.source" xhint="2" yhint="4" default="board.clock.clock.source.pll">
                <option id="board.clock.clock.source.hoco" display="Clock Src: HOCO" input="board.clock.hoco.freq" macroName="BSP_CFG_CLOCK_SOURCE" macroValue="(CGC_CLOCK_HOCO)" />
                <option id="board.clock.clock.source.moco" display="Clock Src: MOCO" input="board.clock.moco.freq" macroName="BSP_CFG_CLOCK_SOURCE" macroValue="(CGC_CLOCK_MOCO)" />
                <option id="board.clock.clock.source.loco" display="Clock Src: LOCO" input="board.clock.loco.freq" macroName="BSP_CFG_CLOCK_SOURCE" macroValue="(CGC_CLOCK_LOCO)" />
                <option id="board.clock.clock.source.xtal" display="Clock Src: XTAL" input="board.clock.xtal.freq" macroName="BSP_CFG_CLOCK_SOURCE" macroValue="(CGC_CLOCK_MAIN_OSC)" />
                <option id="board.clock.clock.source.subclk" display="Clock Src: SUBCLK" input="board.clock.subclk.freq" macroName="BSP_CFG_CLOCK_SOURCE" macroValue="(CGC_CLOCK_SUBCLOCK)" />
                <option id="board.clock.clock.source.pll" display="Clock Src: PLL" input="board.clock.pll.display" macroName="BSP_CFG_CLOCK_SOURCE" macroValue="(CGC_CLOCK_PLL)" />
            </node>
            <node id="board.clock.iclk.div" xhint="3" yhint="0" default="board.clock.iclk.div.1">
                <option id="board.clock.iclk.div.1" display="ICLK Div /1" div="1" input="board.clock.clock.source" macroName="BSP_CFG_ICK_DIV" macroValue="(CGC_SYS_CLOCK_DIV_1)" />
                <option id="board.clock.iclk.div.2" display="ICLK Div /2" div="2" input="board.clock.clock.source" macroName="BSP_CFG_ICK_DIV" macroValue="(CGC_SYS_CLOCK_DIV_2)" />
                <option id="board.clock.iclk.div.4" display="ICLK Div /4" div="4" input="board.clock.clock.source" macroName="BSP_CFG_ICK_DIV" macroValue="(CGC_SYS_CLOCK_DIV_4)" />
                <option id="board.clock.iclk.div.8" display="ICLK Div /8" div="8" input="board.clock.clock.source" macroName="BSP_CFG_ICK_DIV" macroValue="(CGC_SYS_CLOCK_DIV_8)" />
                <option id="board.clock.iclk.div.16" display="ICLK Div /16" div="16" input="board.clock.clock.source" macroName="BSP_CFG_ICK_DIV" macroValue="(CGC_SYS_CLOCK_DIV_16)" />
                <option id="board.clock.iclk.div.32" display="ICLK Div /32" div="32" input="board.clock.clock.source" macroName="BSP_CFG_ICK_DIV" macroValue="(CGC_SYS_CLOCK_DIV_32)" />
                <option id="board.clock.iclk.div.64" display="ICLK Div /64" div="64" input="board.clock.clock.source" macroName="BSP_CFG_ICK_DIV" macroValue="(CGC_SYS_CLOCK_DIV_64)" />
            </node>
            <node id="board.clock.iclk.display" xhint="4" yhint="0" tooltip="The system clock (ICLK) is used as the operating clock of the CPU, DMAC, DTC, ROM and RAM.">
                <option id="board.clock.iclk.display.value" input="board.clock.iclk.div" display="ICLK ${value}Hz" maxValue="48000000" />
            </node>
            <node id="board.clock.pclka.div" xhint="3" yhint="1" default="board.clock.pclka.div.1">
                <option id="board.clock.pclka.div.1" display="PCLKA Div /1" div="1" input="board.clock.clock.source" macroName="BSP_CFG_PCKA_DIV" macroValue="(CGC_SYS_CLOCK_DIV_1)" />
                <option id="board.clock.pclka.div.2" display="PCLKA Div /2" div="2" input="board.clock.clock.source" macroName="BSP_CFG_PCKA_DIV" macroValue="(CGC_SYS_CLOCK_DIV_2)" />
                <option id="board.clock.pclka.div.4" display="PCLKA Div /4" div="4" input="board.clock.clock.source" macroName="BSP_CFG_PCKA_DIV" macroValue="(CGC_SYS_CLOCK_DIV_4)" />
                <option id="board.clock.pclka.div.8" display="PCLKA Div /8" div="8" input="board.clock.clock.source" macroName="BSP_CFG_PCKA_DIV" macroValue="(CGC_SYS_CLOCK_DIV_8)" />
                <option id="board.clock.pclka.div.16" display="PCLKA Div /16" div="16" input="board.clock.clock.source" macroName="BSP_CFG_PCKA_DIV" macroValue="(CGC_SYS_CLOCK_DIV_16)" />
                <option id="board.clock.pclka.div.32" display="PCLKA Div /32" div="32" input="board.clock.clock.source" macroName="BSP_CFG_PCKA_DIV" macroValue="(CGC_SYS_CLOCK_DIV_32)" />
                <option id="board.clock.pclka.div.64" display="PCLKA Div /64" div="64" input="board.clock.clock.source" macroName="BSP_CFG_PCKA_DIV" macroValue="(CGC_SYS_CLOCK_DIV_64)" />
            </node>
            <node id="board.clock.pclka.display" xhint="4" yhint="1" tooltip="The Peripheral clock A (PCLKA) is used as the operating clock for the ETHER, USBHS, QSPI, RSPI, SCI, TSIP, GLCD, SDHI, CRC, JPEG, G2D, GPT and Standby-RAM modules.">
                <option id="board.clock.pclka.display.value" input="board.clock.pclka.div" display="PCLKA ${value}Hz" maxValue="48000000" />
            </node>
            <node id="board.clock.pclkb.div" xhint="3" yhint="2" default="board.clock.pclkb.div.2">
                <option id="board.clock.pclkb.div.1" display="PCLKB Div /1" div="1" input="board.clock.clock.source" macroName="BSP_CFG_PCKB_DIV" macroValue="(CGC_SYS_CLOCK_DIV_1)" />
                <option id="board.clock.pclkb.div.2" display="PCLKB Div /2" div="2" input="board.clock.clock.source" macroName="BSP_CFG_PCKB_DIV" macroValue="(CGC_SYS_CLOCK_DIV_2)" />
                <option id="board.clock.pclkb.div.4" display="PCLKB Div /4" div="4" input="board.clock.clock.source" macroName="BSP_CFG_PCKB_DIV" macroValue="(CGC_SYS_CLOCK_DIV_4)" />
                <option id="board.clock.pclkb.div.8" display="PCLKB Div /8" div="8" input="board.clock.clock.source" macroName="BSP_CFG_PCKB_DIV" macroValue="(CGC_SYS_CLOCK_DIV_8)" />
                <option id="board.clock.pclkb.div.16" display="PCLKB Div /16" div="16" input="board.clock.clock.source" macroName="BSP_CFG_PCKB_DIV" macroValue="(CGC_SYS_CLOCK_DIV_16)" />
                <option id="board.clock.pclkb.div.32" display="PCLKB Div /32" div="32" input="board.clock.clock.source" macroName="BSP_CFG_PCKB_DIV" macroValue="(CGC_SYS_CLOCK_DIV_32)" />
                <option id="board.clock.pclkb.div.64" display="PCLKB Div /64" div="64" input="board.clock.clock.source" macroName="BSP_CFG_PCKB_DIV" macroValue="(CGC_SYS_CLOCK_DIV_64)" />
            </node>
            <node id="board.clock.pclkb.display" xhint="4" yhint="2" tooltip="The Peripheral clock B (PCLKB) is used as the operating clock for all other modules not supported by PCLKA, PCLKC and PCLKD.">
                <option id="board.clock.pclkb.display.value" input="board.clock.pclkb.div" display="PCLKB ${value}Hz" maxValue="32000000" />
            </node>
            <node id="board.clock.pclkc.div" xhint="3" yhint="3" default="board.clock.pclkc.div.1">
                <option id="board.clock.pclkc.div.1" display="PCLKC Div /1" div="1" input="board.clock.clock.source" macroName="BSP_CFG_PCKC_DIV" macroValue="(CGC_SYS_CLOCK_DIV_1)" />
                <option id="board.clock.pclkc.div.2" display="PCLKC Div /2" div="2" input="board.clock.clock.source" macroName="BSP_CFG_PCKC_DIV" macroValue="(CGC_SYS_CLOCK_DIV_2)" />
                <option id="board.clock.pclkc.div.4" display="PCLKC Div /4" div="4" input="board.clock.clock.source" macroName="BSP_CFG_PCKC_DIV" macroValue="(CGC_SYS_CLOCK_DIV_4)" />
                <option id="board.clock.pclkc.div.8" display="PCLKC Div /8" div="8" input="board.clock.clock.source" macroName="BSP_CFG_PCKC_DIV" macroValue="(CGC_SYS_CLOCK_DIV_8)" />
                <option id="board.clock.pclkc.div.16" display="PCLKC Div /16" div="16" input="board.clock.clock.source" macroName="BSP_CFG_PCKC_DIV" macroValue="(CGC_SYS_CLOCK_DIV_16)" />
                <option id="board.clock.pclkc.div.32" display="PCLKC Div /32" div="32" input="board.clock.clock.source" macroName="BSP_CFG_PCKC_DIV" macroValue="(CGC_SYS_CLOCK_DIV_32)" />
                <option id="board.clock.pclkc.div.64" display="PCLKC Div /64" div="64" input="board.clock.clock.source" macroName="BSP_CFG_PCKC_DIV" macroValue="(CGC_SYS_CLOCK_DIV_64)" />
            </node>
            <node id="board.clock.pclkc.display" xhint="4" yhint="3" tooltip="The Peripheral clock C (PCLKC) is used as the operating clock for the ADC modules.">
                <option id="board.clock.pclkc.display.value" input="board.clock.pclkc.div" display="PCLKC ${value}Hz" maxValue="64000000" />
            </node>
            <node id="board.clock.pclkd.div" xhint="3" yhint="4" default="board.clock.pclkd.div.1">
                <option id="board.clock.pclkd.div.1" display="PCLKD Div /1" div="1" input="board.clock.clock.source" macroName="BSP_CFG_PCKD_DIV" macroValue="(CGC_SYS_CLOCK_DIV_1)" />
                <option id="board.clock.pclkd.div.2" display="PCLKD Div /2" div="2" input="board.clock.clock.source" macroName="BSP_CFG_PCKD_DIV" macroValue="(CGC_SYS_CLOCK_DIV_2)" />
                <option id="board.clock.pclkd.div.4" display="PCLKD Div /4" div="4" input="board.clock.clock.source" macroName="BSP_CFG_PCKD_DIV" macroValue="(CGC_SYS_CLOCK_DIV_4)" />
                <option id="board.clock.pclkd.div.8" display="PCLKD Div /8" div="8" input="board.clock.clock.source" macroName="BSP_CFG_PCKD_DIV" macroValue="(CGC_SYS_CLOCK_DIV_8)" />
                <option id="board.clock.pclkd.div.16" display="PCLKD Div /16" div="16" input="board.clock.clock.source" macroName="BSP_CFG_PCKD_DIV" macroValue="(CGC_SYS_CLOCK_DIV_16)" />
                <option id="board.clock.pclkd.div.32" display="PCLKD Div /32" div="32" input="board.clock.clock.source" macroName="BSP_CFG_PCKD_DIV" macroValue="(CGC_SYS_CLOCK_DIV_32)" />
                <option id="board.clock.pclkd.div.64" display="PCLKD Div /64" div="64" input="board.clock.clock.source" macroName="BSP_CFG_PCKD_DIV" macroValue="(CGC_SYS_CLOCK_DIV_64)" />
            </node>
            <node id="board.clock.pclkd.display" xhint="4" yhint="4" tooltip="The Peripheral clock D (PCLKD) is used as the operating clock for the GPT module.">
                <option id="board.clock.pclkd.display.value" input="board.clock.pclkd.div" display="PCLKD ${value}Hz" maxValue="64000000" />
            </node>
            <node id="board.clock.bclk.div" xhint="3" yhint="5" default="board.clock.bclk.div.2">
                <option id="board.clock.bclk.div.1" display="BCLK Div /1" div="1" input="board.clock.clock.source" macroName="BSP_CFG_BCK_DIV" macroValue="(CGC_SYS_CLOCK_DIV_1)" />
                <option id="board.clock.bclk.div.2" display="BCLK Div /2" div="2" input="board.clock.clock.source" macroName="BSP_CFG_BCK_DIV" macroValue="(CGC_SYS_CLOCK_DIV_2)" />
                <option id="board.clock.bclk.div.4" display="BCLK Div /4" div="4" input="board.clock.clock.source" macroName="BSP_CFG_BCK_DIV" macroValue="(CGC_SYS_CLOCK_DIV_4)" />
                <option id="board.clock.bclk.div.8" display="BCLK Div /8" div="8" input="board.clock.clock.source" macroName="BSP_CFG_BCK_DIV" macroValue="(CGC_SYS_CLOCK_DIV_8)" />
                <option id="board.clock.bclk.div.16" display="BCLK Div /16" div="16" input="board.clock.clock.source" macroName="BSP_CFG_BCK_DIV" macroValue="(CGC_SYS_CLOCK_DIV_16)" />
                <option id="board.clock.bclk.div.32" display="BCLK Div /32" div="32" input="board.clock.clock.source" macroName="BSP_CFG_BCK_DIV" macroValue="(CGC_SYS_CLOCK_DIV_32)" />
                <option id="board.clock.bclk.div.64" display="BCLK Div /64" div="64" input="board.clock.clock.source" macroName="BSP_CFG_BCK_DIV" macroValue="(CGC_SYS_CLOCK_DIV_64)" />
            </node>
            <node id="board.clock.bclk.display" xhint="4" yhint="5" tooltip="The external bus clock (BCLK) is an operating clock for the external bus controller.\nIt is also output externally from the BCLK pin for the external connection bus.">
                <option id="board.clock.bclk.display.value" input="board.clock.bclk.div" display="BCLK ${value}Hz" maxValue="24000000" />
            </node>
            <node id="board.clock.bclkout.div" xhint="3" yhint="6" default="board.clock.bclkout.div.2">
                <option id="board.clock.bclkout.div.0" display="No output" mul="0" input="board.clock.bclk.div" macroName="BSP_CFG_BCLK_OUTPUT" macroValue="(0)" />
                <option id="board.clock.bclkout.div.1" display="BCK" div="1" input="board.clock.bclk.div" macroName="BSP_CFG_BCLK_OUTPUT" macroValue="(1)" />
                <option id="board.clock.bclkout.div.2" display="BCK/2" div="2" input="board.clock.bclk.div" macroName="BSP_CFG_BCLK_OUTPUT" macroValue="(2)" />
            </node>
            <node id="board.clock.bclkout.display" xhint="4" yhint="6" tooltip="Whether to output the BCLK frequency on the BCLKOUT pin.">
                <option id="board.clock.bclkout.display.value" input="board.clock.bclkout.div" display="BCLKout ${value}Hz" maxValue="12000000" />
            </node>
            <node id="board.clock.fclk.div" xhint="3" yhint="7" default="board.clock.fclk.div.2">
                <option id="board.clock.fclk.div.1" display="FCLK Div /1" div="1" input="board.clock.clock.source" macroName="BSP_CFG_FCK_DIV" macroValue="(CGC_SYS_CLOCK_DIV_1)" />
                <option id="board.clock.fclk.div.2" display="FCLK Div /2" div="2" input="board.clock.clock.source" macroName="BSP_CFG_FCK_DIV" macroValue="(CGC_SYS_CLOCK_DIV_2)" />
                <option id="board.clock.fclk.div.4" display="FCLK Div /4" div="4" input="board.clock.clock.source" macroName="BSP_CFG_FCK_DIV" macroValue="(CGC_SYS_CLOCK_DIV_4)" />
                <option id="board.clock.fclk.div.8" display="FCLK Div /8" div="8" input="board.clock.clock.source" macroName="BSP_CFG_FCK_DIV" macroValue="(CGC_SYS_CLOCK_DIV_8)" />
                <option id="board.clock.fclk.div.16" display="FCLK Div /16" div="16" input="board.clock.clock.source" macroName="BSP_CFG_FCK_DIV" macroValue="(CGC_SYS_CLOCK_DIV_16)" />
                <option id="board.clock.fclk.div.32" display="FCLK Div /32" div="32" input="board.clock.clock.source" macroName="BSP_CFG_FCK_DIV" macroValue="(CGC_SYS_CLOCK_DIV_32)" />
                <option id="board.clock.fclk.div.64" display="FCLK Div /64" div="64" input="board.clock.clock.source" macroName="BSP_CFG_FCK_DIV" macroValue="(CGC_SYS_CLOCK_DIV_64)" />
            </node>
            <node id="board.clock.fclk.display" xhint="4" yhint="7" tooltip="The flash-interface clock (FCLK) is used as the operating clock for the flash-memory interfaces.\nThat is, FCLK is used for programming and erasure of the ROM and E2 DataFlash, and reading from the E2 DataFlash.">
                <option id="board.clock.fclk.display.value" input="board.clock.fclk.div" display="FCLK ${value}Hz" minValue="1000000" maxValue="32000000" />
            </node>            
            <node id="board.clock.uclk.display" xhint="1" yhint="5" tooltip="The USB clock (UCLK) is an operating clock for the USBFS module.\nA 48-MHz clock must be supplied to the USB module.\nWhen the USB module is used, setting must be made so that UCLK is 48 MHz.">
                <option id="board.clock.uclk.display.value" input="board.clock.pll.display" display="UCLK ${value}Hz" minValue="48000000" maxValue="48000000" />
            </node>            
        </clock>
    </bsp>
</synergyModuleDescription>
